{"cameraMode":{"drawMode":0,"name":"Shaded","section":"Shading Mode"},"sceneLighting":true,"audioPlay":false,"sceneViewState":{"showFog":true,"showMaterialUpdate":false,"showSkybox":true,"showFlares":true,"showImageEffects":true,"showParticleSystems":true},"in2DMode":false,"pivot":{"x":0.5876913070678711,"y":6.864579200744629,"z":-0.1047067642211914},"rotation":{"x":0.3264600932598114,"y":-0.42318296432495119,"z":0.16670860350131989,"w":0.8285820484161377},"size":12.293350219726563,"orthographic":false}